INSERT INTO USER (EMAIL,USERNAME,PASSWORD,ENABLED)
VALUES ('DENEME@HOTMAIL','burak','$2y$12$1E7sVhB80trTlmHCk.EqrO22Eoie15kpGhVppWNeRdWECjSUyoIce',true );
INSERT INTO ROLES (NAME) VALUES ('ROLE_ADMIN');
INSERT INTO ROLES (NAME) VALUES ('ROLE_USER');
INSERT INTO USERS_ROLE (USER_ID,ROLE_ID) VALUES (1,1);
INSERT INTO USERS_ROLE (USER_ID,ROLE_ID) VALUES (1,2);

INSERT INTO PLACE (name,table_count,media_id) VALUES ('Garden',10,1);
INSERT INTO WAITER (name,age,media_id) VALUES ('Ahmet',21,1);

INSERT INTO `category` VALUES ('1','odio','Incidunt autem aut rerum consequatur iure est. Dol',1),
('2','veritatis','Molestias soluta porro sunt. Voluptatem perferendi',1),
('3','maxime','Natus excepturi qui sit eos. Cumque quis a eos har',1),
('4','minima','Nihil eveniet rem ad non est. Magni minima neque o',1),
('5','dolores','Non cum ullam laboriosam voluptatem autem quisquam',1),
('6','ut','Quaerat consequatur ut iste sed. Optio temporibus ',1),
('7','accusamus','Qui a dolor vitae quia ipsa. Illo ullam nisi asper',1),
('8','alias','Aliquam aliquam ut rerum blanditiis et. Eveniet se',1),
('9','voluptatem','Nam eum ad asperiores at dolores. Animi nostrum ra',1),
('10','beatae','Pariatur dolor 1a ut dolores omnis. Magni error',1),
('11','enim','Facilis sit adipisci omnis. Necessitatibus eius co',1),
('12','rerum','Quos omnis voluptas aspernatur aliquam porro. Aper',1),
('13','voluptas','Dolorem molestiae vitae ut officiis qui esse digni',1),
('14','impedit','Quibusdam porro quod ea quibusdam. Et optio fugiat',1),
('15','totam','Ut aspernatur temporibus dolor ut et adipisci cupi',1);





INSERT INTO `product` VALUES ('1','repudiandae','Maiores distinctio ut est. Est est quia excepturi ','9','4',1),
('2','officiis','Aut excepturi veritatis et architecto molestias la','3','4',1),
('3','assumenda','Quia quis pariatur aperiam. Occaecati qui iusto un','1','1',1),
('4','ut','Corrupti quo reiciendis praesentium ipsa non. Quae','9','7',1),
('5','enim','Sed amet ut neque accusamus nisi ex facere. Recusa','3','7',1),
('6','architecto','Quaerat rerum nihil facilis ipsa quam reiciendis. ','8','1',1),
('7','et','Cumque provident iste laborum sed ea. Omnis 1a ','3','3',1),
('8','harum','Tenetur necessitatibus incidunt id tempore ut. Neq','7','9',1),
('9','nostrum','Facere ipsam dolores nam. Qui totam inventore dolo','9','1',1),
('10','excepturi','Voluptate sed cum optio quae unde sed est. Volupta','4','8',1),
('11','quisquam','Et error labore et ea. Est repellat in culpa tempo','4','4',1),
('12','est','Aut velit mollitia fugiat maxime. Cumque maiores c','8','9',1),
('13','molestiae','Laboriosam quibusdam debitis esse soluta corrupti ','2','1',1),
('14','ut','Officia culpa animi enim fugit sed sit ratione. Ni','2','3',1),
('15','omnis','Harum totam vero et rerum ullam asperiores quibusd','6','4',1),
('16','suscipit','Eaque commodi nobis quos sed id consectetur. Iste ','2','4',1),
('17','asperiores','Eum officiis pariatur soluta aspernatur nobis. Vit','3','1',1),
('18','accusamus','Sunt esse cumque hic et architecto dolore quis. Er','5','4',1),
('19','accusamus','Aut omnis facere voluptatem enim perferendis et su','5','5',1),
('20','nobis','Voluptatum non et porro qui culpa pariatur asperna','5','4',1),
('21','iusto','Id ut odit enim. Quaerat odio asperiores recusanda','4','5',1),
('22','quasi','Ea non debitis sint quia reprehenderit quia. Hic o','5','1',1),
('23','et','Consequatur vel amet commodi ex et. Eos in sunt au','2','5',1),
('24','doloremque','Consequatur ullam unde est corporis sunt officia n','3','2',1),
('25','deleniti','Pariatur deserunt voluptas iste autem sed eum. Eum','3','3',1),
('26','voluptatem','Et non accusantium fugiat eum. Amet perspiciatis m','2','4',1),
('27','doloribus','Debitis ea deserunt et numquam sint. Ab soluta qui','5','2',1),
('28','a','Quisquam deleniti ipsam et nesciunt sint natus vol','3','3',1),
('29','laboriosam','Explicabo nesciunt accusantium doloremque magnam q','3','5',1),
('30','explicabo','Maxime in molestiae architecto placeat. Non quia e','3','5',1),
('31','ipsum','Sed facere est voluptatibus at tempore veniam. Lab','7','3',1),
('32','eveniet','Dolore est pariatur sapiente voluptates. Temporibu','3','6',1),
('33','dolor','Et adipisci enim sapiente deleniti ullam odit. Aut','5','9',1),
('34','dolores','Consequatur nihil error quia non. Quas nemo maiore','7','5',1),
('35','quas','Molestiae enim voluptas et sed optio hic. Dolorem ','6','7',1),
('36','nobis','Iure ipsum tenetur voluptas. Eum 1a omnis harum','4','1',1),
('37','possimus','Sapiente ad iusto eveniet labore sed est. Sint et ','2','5',1),
('38','non','Eos inventore aliquid quaerat cum repellat cumque.','7','6',1),
('39','veritatis','Voluptatem 1a et illo quibusdam. Ut rerum conse','2','9',1),
('40','aut','Aliquid unde est ut est molestias modi quisquam. D','7','9',1),
('41','provident','Voluptate ut eius sint ipsa nesciunt deserunt id p','1','8',1),
('42','aut','Sed consequatur recusandae sed est. Impedit rerum ','9','5',1),
('43','enim','Id id et inventore tempore commodi non dolorem ull','6','6',1),
('44','et','Voluptatem est reiciendis mollitia. Rem necessitat','1','3',1),
('45','nostrum','Et quibusdam dolor et quia ad similique ea. Tempor','2','1',1),
('46','porro','Quo voluptas quis atque eveniet doloremque et. Sae','9','6',1),
('47','non','Qui nemo aut magni. Porro hic eum minima modi cum ','1','8',1),
('48','et','Velit voluptas autem est at repellat saepe. Dolore','9','1',1),
('49','fugit','Amet voluptas et omnis odio veritatis et. Officia ','6','5',1),
('50','occaecati','Et exercitationem veritatis dicta aut iure. Aut do','6','7',1),
('51','tenetur','Voluptas et iusto illum dolor doloribus. Id et max','9','7',1),
('52','ut','Tempora aliquam ut laudantium nihil molestias dist','5','3',1),
('53','dicta','Nobis numquam expedita ut ut repellat nesciunt non','7','7',1),
('54','doloribus','Quaerat laudantium perspiciatis qui perferendis qu','3','1',1),
('55','sit','Sint vero corrupti facere qui id eveniet enim. Ius','7','1',1),
('56','est','Hic autem quaerat ad quibusdam cupiditate et aut. ','8','7',1),
('57','et','Iusto debitis est officiis debitis voluptatem. Sus','5','3',1),
('58','corrupti','Nam facere voluptas et in. Voluptas eveniet conseq','5','5',1),
('59','ipsam','Hic saepe ea debitis ea enim eligendi praesentium.','4','1',1),
('60','ut','Dolor perferendis odit unde incidunt perferendis. ','6','4',1),
('61','neque','Quia veniam et sed sunt. Vel eaque eligendi tempor','9','3',1),
('62','commodi','Et beatae quo rem ipsa provident ut. Impedit est m','3','7',1),
('63','aspernatur','Repellat ea eum odio. Modi tenetur dolore voluptat','6','8',1),
('64','ea','Ipsum numquam asperiores illum rem modi expedita. ','3','3',1),
('65','earum','Illo dolorem praesentium saepe repudiandae ratione','2','2',1),
('66','et','Impedit hic iure quidem veniam eum vel dolores. Of','7','6',1),
('67','ea','Harum illo similique doloribus vero tempora except','4','9',1),
('68','quia','Odit libero quia aspernatur et. Voluptatibus ex au','4','9',1),
('69','accusantium','Est voluptas iusto eius sed officiis. Et quia rati','3','2',1),
('70','consequatur','Eos sint et beatae qui facere non omnis. Hic omnis','9','9',1),
('71','quia','Aut error adipisci eveniet. Non earum sequi cum ei','7','3',1),
('72','eius','Iusto vitae et officiis dolor. Nihil qui natus ver','6','2',1),
('73','voluptate','Illo ab repellendus magnam esse quia quisquam temp','1','3',1),
('74','voluptatibus','Inventore provident sed ipsa expedita. Omnis et es','7','5',1),
('75','sed','Omnis distinctio omnis itaque facere sint aut. Aut','2','9',1),
('76','veritatis','Et cupiditate tenetur hic sit et omnis fuga. Omnis','9','4',1),
('77','ipsam','Quaerat maiores et quam doloribus eligendi. Nihil ','4','2',1),
('78','dolore','Debitis temporibus veritatis quas deleniti. Cupidi','2','3',1),
('79','quae','A sit ut sed sequi pariatur. Eligendi dolor dolore','2','5',1),
('80','fuga','Eaque ducimus debitis neque suscipit. Iure sed exe','7','7',1),
('81','possimus','Porro enim ut voluptatem rem aspernatur et non. Im','7','7',1),
('82','blanditiis','Consequatur facilis consequatur et ut hic nemo dol','2','1',1),
('83','labore','Qui et temporibus ratione voluptates et vel. Ipsum','2','8',1),
('84','rerum','Adipisci veritatis ut quo in. Suscipit explicabo r','4','1',1),
('85','quia','Blanditiis voluptas recusandae ea eos doloremque v','5','5',1),
('86','dolore','Animi a at nihil et tempora possimus. Minus occaec','5','5',1),
('87','fuga','Dolorum expedita quas nemo dolore voluptatum. Prae','4','1',1),
('88','beatae','Ab ut consequatur est autem. Aperiam cupiditate li','3','8',1),
('89','sint','Eius minima omnis voluptatem qui sit. Aut ut earum','2','7',1),
('90','omnis','Necessitatibus inventore exercitationem qui maxime','8','5',1),
('91','ad','Dolorem deserunt eos ex sed illo atque repellendus','3','9',1),
('92','voluptas','Dolorem minima voluptatum quidem praesentium. Opti','5','8',1),
('93','facilis','Ut adipisci rerum ut est repellat quibusdam. Solut','1','6',1),
('94','quod','Nemo velit illo nobis consequatur et dolorem. Illu','6','4',1),
('95','ut','Nemo mollitia facere est voluptatem. Ipsa praesent','8','2',1),
('96','rerum','Nobis illum beatae aperiam autem. Voluptas sit ess','3','9',1),
('97','excepturi','Totam porro recusandae qui dolor excepturi. Neque ','1','8',1),
('98','sapiente','Ullam omnis consequatur quia autem repudiandae eve','5','6',1),
('99','dolores','Illo illum atque et harum. Consectetur excepturi v','1','5',1),
('100','iste','Dolores laborum quae ut molestiae perferendis. Qui','8','4',1);

INSERT INTO `category_product` (`category_id`, `product_id`) VALUES (1, 1);
INSERT INTO `category_product` (`category_id`, `product_id`) VALUES (1, 2);
INSERT INTO `category_product` (`category_id`, `product_id`) VALUES (1, 3);
INSERT INTO `category_product` (`category_id`, `product_id`) VALUES (1, 4);
INSERT INTO `category_product` (`category_id`, `product_id`) VALUES (1, 5);
INSERT INTO `category_product` (`category_id`, `product_id`) VALUES (1, 6);
INSERT INTO `category_product` (`category_id`, `product_id`) VALUES (1, 7);
INSERT INTO `category_product` (`category_id`, `product_id`) VALUES (1, 8);
INSERT INTO `category_product` (`category_id`, `product_id`) VALUES (1, 9);
INSERT INTO `category_product` (`category_id`, `product_id`) VALUES (1, 10);
INSERT INTO `category_product` (`category_id`, `product_id`) VALUES (1, 11);
INSERT INTO `category_product` (`category_id`, `product_id`) VALUES (1, 12);
INSERT INTO `category_product` (`category_id`, `product_id`) VALUES (1, 13);
INSERT INTO `category_product` (`category_id`, `product_id`) VALUES (1,14);
INSERT INTO `category_product` (`category_id`, `product_id`) VALUES (1, 15);
INSERT INTO `category_product` (`category_id`, `product_id`) VALUES (1, 16);
INSERT INTO `category_product` (`category_id`, `product_id`) VALUES (1, 17);
INSERT INTO `category_product` (`category_id`, `product_id`) VALUES (1, 18);
INSERT INTO `category_product` (`category_id`, `product_id`) VALUES (1, 19);
INSERT INTO `category_product` (`category_id`, `product_id`) VALUES (1, 20);
INSERT INTO `category_product` (`category_id`, `product_id`) VALUES (1, 21);
INSERT INTO `category_product` (`category_id`, `product_id`) VALUES (1, 22);
INSERT INTO `category_product` (`category_id`, `product_id`) VALUES (1, 23);
INSERT INTO `category_product` (`category_id`, `product_id`) VALUES (1, 24);
INSERT INTO `category_product` (`category_id`, `product_id`) VALUES (1, 25);
INSERT INTO `category_product` (`category_id`, `product_id`) VALUES (1, 26);
INSERT INTO `category_product` (`category_id`, `product_id`) VALUES (1, 27);
INSERT INTO `category_product` (`category_id`, `product_id`) VALUES (1,28);
INSERT INTO `category_product` (`category_id`, `product_id`) VALUES (1, 29);
INSERT INTO `category_product` (`category_id`, `product_id`) VALUES (1, 30);
INSERT INTO `category_product` (`category_id`, `product_id`) VALUES (1, 31);
INSERT INTO `category_product` (`category_id`, `product_id`) VALUES (1, 32);
INSERT INTO `category_product` (`category_id`, `product_id`) VALUES (1, 33);
INSERT INTO `category_product` (`category_id`, `product_id`) VALUES (1, 34);
INSERT INTO `category_product` (`category_id`, `product_id`) VALUES (1, 35);
INSERT INTO `category_product` (`category_id`, `product_id`) VALUES (1, 36);
INSERT INTO `category_product` (`category_id`, `product_id`) VALUES (1, 37);
INSERT INTO `category_product` (`category_id`, `product_id`) VALUES (1, 38);
INSERT INTO `category_product` (`category_id`, `product_id`) VALUES (1, 39);
INSERT INTO `category_product` (`category_id`, `product_id`) VALUES (1, 40);
INSERT INTO `category_product` (`category_id`, `product_id`) VALUES (1, 41);
INSERT INTO `category_product` (`category_id`, `product_id`) VALUES (1,42);
INSERT INTO `category_product` (`category_id`, `product_id`) VALUES (1, 43);
INSERT INTO `category_product` (`category_id`, `product_id`) VALUES (1, 44);
INSERT INTO `category_product` (`category_id`, `product_id`) VALUES (1, 45);
INSERT INTO `category_product` (`category_id`, `product_id`) VALUES (1, 46);
INSERT INTO `category_product` (`category_id`, `product_id`) VALUES (1, 47);
INSERT INTO `category_product` (`category_id`, `product_id`) VALUES (1, 48);
INSERT INTO `category_product` (`category_id`, `product_id`) VALUES (1, 49);
INSERT INTO `category_product` (`category_id`, `product_id`) VALUES (1, 50);
INSERT INTO `category_product` (`category_id`, `product_id`) VALUES (1, 51);
INSERT INTO `category_product` (`category_id`, `product_id`) VALUES (1, 52);
INSERT INTO `category_product` (`category_id`, `product_id`) VALUES (1, 53);
INSERT INTO `category_product` (`category_id`, `product_id`) VALUES (1, 54);
INSERT INTO `category_product` (`category_id`, `product_id`) VALUES (1, 55);
INSERT INTO `category_product` (`category_id`, `product_id`) VALUES (1,56);
INSERT INTO `category_product` (`category_id`, `product_id`) VALUES (2, 2);
INSERT INTO `category_product` (`category_id`, `product_id`) VALUES (2, 17);
INSERT INTO `category_product` (`category_id`, `product_id`) VALUES (2, 32);
INSERT INTO `category_product` (`category_id`, `product_id`) VALUES (2, 47);
INSERT INTO `category_product` (`category_id`, `product_id`) VALUES (2, 62);
INSERT INTO `category_product` (`category_id`, `product_id`) VALUES (2, 77);
INSERT INTO `category_product` (`category_id`, `product_id`) VALUES (2, 92);
INSERT INTO `category_product` (`category_id`, `product_id`) VALUES (3, 3);
INSERT INTO `category_product` (`category_id`, `product_id`) VALUES (3, 18);
INSERT INTO `category_product` (`category_id`, `product_id`) VALUES (3, 33);
INSERT INTO `category_product` (`category_id`, `product_id`) VALUES (3, 48);
INSERT INTO `category_product` (`category_id`, `product_id`) VALUES (3, 63);
INSERT INTO `category_product` (`category_id`, `product_id`) VALUES (3, 78);
INSERT INTO `category_product` (`category_id`, `product_id`) VALUES (3, 93);
INSERT INTO `category_product` (`category_id`, `product_id`) VALUES (4, 4);
INSERT INTO `category_product` (`category_id`, `product_id`) VALUES (4, 19);
INSERT INTO `category_product` (`category_id`, `product_id`) VALUES (4, 34);
INSERT INTO `category_product` (`category_id`, `product_id`) VALUES (4, 49);
INSERT INTO `category_product` (`category_id`, `product_id`) VALUES (4, 64);
INSERT INTO `category_product` (`category_id`, `product_id`) VALUES (4, 79);
INSERT INTO `category_product` (`category_id`, `product_id`) VALUES (4, 94);
INSERT INTO `category_product` (`category_id`, `product_id`) VALUES (5, 5);
INSERT INTO `category_product` (`category_id`, `product_id`) VALUES (5, 20);
INSERT INTO `category_product` (`category_id`, `product_id`) VALUES (5, 35);
INSERT INTO `category_product` (`category_id`, `product_id`) VALUES (5, 50);
INSERT INTO `category_product` (`category_id`, `product_id`) VALUES (5, 65);
INSERT INTO `category_product` (`category_id`, `product_id`) VALUES (5, 80);
INSERT INTO `category_product` (`category_id`, `product_id`) VALUES (5, 95);
INSERT INTO `category_product` (`category_id`, `product_id`) VALUES (6, 6);
INSERT INTO `category_product` (`category_id`, `product_id`) VALUES (6, 21);
INSERT INTO `category_product` (`category_id`, `product_id`) VALUES (6, 36);
INSERT INTO `category_product` (`category_id`, `product_id`) VALUES (6, 51);
INSERT INTO `category_product` (`category_id`, `product_id`) VALUES (6, 66);
INSERT INTO `category_product` (`category_id`, `product_id`) VALUES (6, 81);
INSERT INTO `category_product` (`category_id`, `product_id`) VALUES (6, 96);
INSERT INTO `category_product` (`category_id`, `product_id`) VALUES (7, 7);
INSERT INTO `category_product` (`category_id`, `product_id`) VALUES (7, 22);
INSERT INTO `category_product` (`category_id`, `product_id`) VALUES (7, 37);
INSERT INTO `category_product` (`category_id`, `product_id`) VALUES (7, 52);
INSERT INTO `category_product` (`category_id`, `product_id`) VALUES (7, 67);
INSERT INTO `category_product` (`category_id`, `product_id`) VALUES (7, 82);
INSERT INTO `category_product` (`category_id`, `product_id`) VALUES (7, 97);
INSERT INTO `category_product` (`category_id`, `product_id`) VALUES (8, 8);
INSERT INTO `category_product` (`category_id`, `product_id`) VALUES (8, 23);
INSERT INTO `category_product` (`category_id`, `product_id`) VALUES (8, 38);
INSERT INTO `category_product` (`category_id`, `product_id`) VALUES (8, 53);
INSERT INTO `category_product` (`category_id`, `product_id`) VALUES (8, 68);
INSERT INTO `category_product` (`category_id`, `product_id`) VALUES (8, 83);
INSERT INTO `category_product` (`category_id`, `product_id`) VALUES (8, 98);
INSERT INTO `category_product` (`category_id`, `product_id`) VALUES (9, 9);
INSERT INTO `category_product` (`category_id`, `product_id`) VALUES (9, 24);
INSERT INTO `category_product` (`category_id`, `product_id`) VALUES (9, 39);
INSERT INTO `category_product` (`category_id`, `product_id`) VALUES (9, 54);
INSERT INTO `category_product` (`category_id`, `product_id`) VALUES (9, 69);
INSERT INTO `category_product` (`category_id`, `product_id`) VALUES (9, 84);
INSERT INTO `category_product` (`category_id`, `product_id`) VALUES (9, 99);
INSERT INTO `category_product` (`category_id`, `product_id`) VALUES (10, 10);
INSERT INTO `category_product` (`category_id`, `product_id`) VALUES (10, 25);
INSERT INTO `category_product` (`category_id`, `product_id`) VALUES (10, 40);
INSERT INTO `category_product` (`category_id`, `product_id`) VALUES (10, 55);
INSERT INTO `category_product` (`category_id`, `product_id`) VALUES (10, 70);
INSERT INTO `category_product` (`category_id`, `product_id`) VALUES (10, 85);
INSERT INTO `category_product` (`category_id`, `product_id`) VALUES (10, 100);
INSERT INTO `category_product` (`category_id`, `product_id`) VALUES (11, 11);
INSERT INTO `category_product` (`category_id`, `product_id`) VALUES (11, 26);
INSERT INTO `category_product` (`category_id`, `product_id`) VALUES (11, 41);
INSERT INTO `category_product` (`category_id`, `product_id`) VALUES (11, 56);
INSERT INTO `category_product` (`category_id`, `product_id`) VALUES (11, 71);
INSERT INTO `category_product` (`category_id`, `product_id`) VALUES (11, 86);
INSERT INTO `category_product` (`category_id`, `product_id`) VALUES (12, 12);
INSERT INTO `category_product` (`category_id`, `product_id`) VALUES (12, 27);
INSERT INTO `category_product` (`category_id`, `product_id`) VALUES (12, 42);
INSERT INTO `category_product` (`category_id`, `product_id`) VALUES (12, 57);
INSERT INTO `category_product` (`category_id`, `product_id`) VALUES (12, 72);
INSERT INTO `category_product` (`category_id`, `product_id`) VALUES (12, 87);
INSERT INTO `category_product` (`category_id`, `product_id`) VALUES (13, 13);
INSERT INTO `category_product` (`category_id`, `product_id`) VALUES (13, 28);
INSERT INTO `category_product` (`category_id`, `product_id`) VALUES (13, 43);
INSERT INTO `category_product` (`category_id`, `product_id`) VALUES (13, 58);
INSERT INTO `category_product` (`category_id`, `product_id`) VALUES (13, 73);
INSERT INTO `category_product` (`category_id`, `product_id`) VALUES (13, 88);
INSERT INTO `category_product` (`category_id`, `product_id`) VALUES (14, 14);
INSERT INTO `category_product` (`category_id`, `product_id`) VALUES (14, 29);
INSERT INTO `category_product` (`category_id`, `product_id`) VALUES (14, 44);
INSERT INTO `category_product` (`category_id`, `product_id`) VALUES (14, 59);
INSERT INTO `category_product` (`category_id`, `product_id`) VALUES (14, 74);
INSERT INTO `category_product` (`category_id`, `product_id`) VALUES (14, 89);
INSERT INTO `category_product` (`category_id`, `product_id`) VALUES (15, 15);
INSERT INTO `category_product` (`category_id`, `product_id`) VALUES (15, 30);
INSERT INTO `category_product` (`category_id`, `product_id`) VALUES (15, 45);
INSERT INTO `category_product` (`category_id`, `product_id`) VALUES (15, 60);
INSERT INTO `category_product` (`category_id`, `product_id`) VALUES (15, 75);
INSERT INTO `category_product` (`category_id`, `product_id`) VALUES (15, 90);


